﻿designator,quantity,value,pack,mpn,mount_type
"BT1, BT3, BT4",3,Battery_AA,BatteryHolder_Keystone_2460_1xAA,,tht
BT2,1,Battery_Cell,BatteryHolder_Keystone_1058_1x2032,,smt
"C1, C12, C2",3,100n,C_0603_1608Metric_Pad1.08x0.95mm_HandSolder,,smt
"C10, C11, C3, C4, C6, C7, C8, C9",8,0.1uF,C_0603_1608Metric_Pad1.08x0.95mm_HandSolder,,smt
C14,1,22uF,R_0805_2012Metric_Pad1.20x1.40mm_HandSolder,,smt
C15,1,470uF,CP_EIA-7343-31_Kemet-D,,smt
C5,1,1u,C_0603_1608Metric_Pad1.08x0.95mm_HandSolder,,smt
"D1, D3",2,LED,LED_0402_1005Metric_Pad0.77x0.64mm_HandSolder,,smt
D2,1,1N914WT,D_SOD-523,,smt
J1,1,DEBUG,PinSocket_1x04_P2.54mm_Vertical,,tht
J2,1,Measure current,PinHeader_1x02_P2.54mm_Vertical,,tht
J4,1,NRF24L01+PA+LNA,NRF24L01,,smt
JP1,1,External wokepup,R_0201_0603Metric_Pad0.64x0.40mm_HandSolder,,smt
JP2,1,R0 0603,R_0201_0603Metric_Pad0.64x0.40mm_HandSolder,,smt
JP3,1,NRF R0 0603,R_0201_0603Metric_Pad0.64x0.40mm_HandSolder,,smt
JP4,1,A0,SolderJumper-2_P1.3mm_Open_TrianglePad1.0x1.5mm,,tht
JP5,1,A1,SolderJumper-2_P1.3mm_Open_TrianglePad1.0x1.5mm,,tht
JP6,1,A2,SolderJumper-2_P1.3mm_Open_TrianglePad1.0x1.5mm,,tht
JP7,1,RTC ON  R0 0603,R_0201_0603Metric_Pad0.64x0.40mm_HandSolder,,smt
"R1, R2, R4, R5, R9",5,4.7k,R_0201_0603Metric_Pad0.64x0.40mm_HandSolder,,smt
"R10, R3",2,300,R_0201_0603Metric_Pad0.64x0.40mm_HandSolder,,smt
R11,1,200,R_0201_0603Metric_Pad0.64x0.40mm_HandSolder,,smt
"R6, R7",2,10k,R_0201_0603Metric_Pad0.64x0.40mm_HandSolder,,smt
"SW1, SW2",2,SW_Push,SW_Push_SPST_NO_Alps_SKRK,,smt
U1,1,STM32F401CCUx,QFN-48-1EP_7x7mm_P0.5mm_EP5.6x5.6mm,,smt
U2,1,REF3033,SOT-23,,smt
U3,1,BME280,Bosch_LGA-8_2.5x2.5mm_P0.65mm_ClockwisePinNumbering,,smt
U5,1,DS3231M,SOIC-16W_7.5x10.3mm_P1.27mm,,smt
U6,1,AT24CS02-SSHM,SOIC-8_3.9x4.9mm_P1.27mm,,smt
