﻿pos_x,pos_y,rotation,side,designator,mpn,pack,value,mount_type,place
27.475,-82.165,90.0,top,BT1,,BatteryHolder_Keystone_2460_1xAA,Battery_AA,tht,True
65.55,-23.7,0.0,top,BT2,,BatteryHolder_Keystone_1058_1x2032,Battery_Cell,smt,True
10.025,-82.165,90.0,top,BT3,,BatteryHolder_Keystone_2460_1xAA,Battery_AA,tht,True
-8.205,-82.15,90.0,top,BT4,,BatteryHolder_Keystone_2460_1xAA,Battery_AA,tht,True
80.53,-42.81,0.0,top,C1,,C_0603_1608Metric_Pad1.08x0.95mm_HandSolder,100n,smt,True
89.23,-45.32,0.0,top,C10,,C_0603_1608Metric_Pad1.08x0.95mm_HandSolder,0.1uF,smt,True
89.23,-47.83,0.0,top,C11,,C_0603_1608Metric_Pad1.08x0.95mm_HandSolder,0.1uF,smt,True
89.23,-50.34,0.0,top,C12,,C_0603_1608Metric_Pad1.08x0.95mm_HandSolder,100n,smt,True
75.47,-74.03,0.0,top,C14,,R_0805_2012Metric_Pad1.20x1.40mm_HandSolder,22uF,smt,True
68.175,-66.58,0.0,top,C15,,CP_EIA-7343-31_Kemet-D,470uF,smt,True
80.53,-45.32,0.0,top,C2,,C_0603_1608Metric_Pad1.08x0.95mm_HandSolder,100n,smt,True
80.53,-47.83,0.0,top,C3,,C_0603_1608Metric_Pad1.08x0.95mm_HandSolder,0.1uF,smt,True
80.53,-50.34,0.0,top,C4,,C_0603_1608Metric_Pad1.08x0.95mm_HandSolder,0.1uF,smt,True
84.88,-42.81,0.0,top,C5,,C_0603_1608Metric_Pad1.08x0.95mm_HandSolder,1u,smt,True
84.88,-45.32,0.0,top,C6,,C_0603_1608Metric_Pad1.08x0.95mm_HandSolder,0.1uF,smt,True
84.88,-47.83,0.0,top,C7,,C_0603_1608Metric_Pad1.08x0.95mm_HandSolder,0.1uF,smt,True
84.88,-50.34,0.0,top,C8,,C_0603_1608Metric_Pad1.08x0.95mm_HandSolder,0.1uF,smt,True
89.23,-42.81,0.0,top,C9,,C_0603_1608Metric_Pad1.08x0.95mm_HandSolder,0.1uF,smt,True
89.94,-64.65,0.0,top,D1,,LED_0402_1005Metric_Pad0.77x0.64mm_HandSolder,LED,smt,True
74.915,-76.73,0.0,top,D2,,D_SOD-523,1N914WT,smt,True
89.94,-66.64,0.0,top,D3,,LED_0402_1005Metric_Pad0.77x0.64mm_HandSolder,LED,smt,True
56.58,-65.98,0.0,top,J1,,PinSocket_1x04_P2.54mm_Vertical,DEBUG,tht,True
131.95,-73.55,0.0,top,J2,,PinHeader_1x02_P2.54mm_Vertical,Measure current,tht,True
99.203,-44.9445,90.0,top,J4,,NRF24L01,NRF24L01+PA+LNA,smt,True
81.05,-64.53,0.0,top,JP1,,R_0201_0603Metric_Pad0.64x0.40mm_HandSolder,External wokepup,smt,True
120.63,-65.005,0.0,top,JP2,,R_0201_0603Metric_Pad0.64x0.40mm_HandSolder,R0 0603,smt,True
81.05,-66.28,0.0,top,JP3,,R_0201_0603Metric_Pad0.64x0.40mm_HandSolder,NRF R0 0603,smt,True
61.03,-65.43,0.0,top,JP4,,SolderJumper-2_P1.3mm_Open_TrianglePad1.0x1.5mm,A0,tht,True
61.03,-68.98,0.0,top,JP5,,SolderJumper-2_P1.3mm_Open_TrianglePad1.0x1.5mm,A1,tht,True
61.03,-72.53,0.0,top,JP6,,SolderJumper-2_P1.3mm_Open_TrianglePad1.0x1.5mm,A2,tht,True
81.05,-68.03,0.0,top,JP7,,R_0201_0603Metric_Pad0.64x0.40mm_HandSolder,RTC ON  R0 0603,smt,True
81.05,-69.78,0.0,top,R1,,R_0201_0603Metric_Pad0.64x0.40mm_HandSolder,4.7k,smt,True
86.67,-66.28,0.0,top,R10,,R_0201_0603Metric_Pad0.64x0.40mm_HandSolder,300,smt,True
86.67,-68.03,0.0,top,R11,,R_0201_0603Metric_Pad0.64x0.40mm_HandSolder,200,smt,True
81.05,-71.53,0.0,top,R2,,R_0201_0603Metric_Pad0.64x0.40mm_HandSolder,4.7k,smt,True
83.86,-64.53,0.0,top,R3,,R_0201_0603Metric_Pad0.64x0.40mm_HandSolder,300,smt,True
83.86,-66.28,0.0,top,R4,,R_0201_0603Metric_Pad0.64x0.40mm_HandSolder,4.7k,smt,True
83.86,-68.03,0.0,top,R5,,R_0201_0603Metric_Pad0.64x0.40mm_HandSolder,4.7k,smt,True
83.86,-69.78,0.0,top,R6,,R_0201_0603Metric_Pad0.64x0.40mm_HandSolder,10k,smt,True
83.86,-71.53,0.0,top,R7,,R_0201_0603Metric_Pad0.64x0.40mm_HandSolder,10k,smt,True
86.67,-64.53,0.0,top,R9,,R_0201_0603Metric_Pad0.64x0.40mm_HandSolder,4.7k,smt,True
76.37,-65.88,0.0,top,SW1,,SW_Push_SPST_NO_Alps_SKRK,SW_Push,smt,True
76.37,-70.33,0.0,top,SW2,,SW_Push_SPST_NO_Alps_SKRK,SW_Push,smt,True
67.85,-74.15,0.0,top,U1,,QFN-48-1EP_7x7mm_P0.5mm_EP5.6x5.6mm,STM32F401CCUx,smt,True
121.67,-61.905,0.0,top,U2,,SOT-23,REF3033,smt,True
60.79,-76.37,0.0,top,U3,,Bosch_LGA-8_2.5x2.5mm_P0.65mm_ClockwisePinNumbering,BME280,smt,True
84.81,-57.52,0.0,top,U5,,SOIC-16W_7.5x10.3mm_P1.27mm,DS3231M,smt,True
83.87,-75.63,0.0,top,U6,,SOIC-8_3.9x4.9mm_P1.27mm,AT24CS02-SSHM,smt,True
